X,Y,T
-10.573,8.2789,0
-10.573,8.2789,1
-10.573,8.2789,2
-10.573,8.2789,3
-13.2333,8.4833,4
-10.573,8.2789,5
-13.2333,8.4833,5
-13.2333,8.4833,6
-11.7383,7.9647,6
-10.573,8.2789,6
-11.75,9.05,6
-10.573,8.2789,7
-11.1903,7.8769,7
-11.1903,7.8769,8
-10.573,8.2789,8
-10.573,8.2789,9
-13.2333,8.4833,9
-10.573,8.2789,10
-12.9182,9.125,10
-12.7833,8.7667,11
-10.573,8.2789,11
-10.573,8.2789,12
-10.573,8.2789,13
-12.7833,8.7667,14
-10.573,8.2789,15
-10.573,8.2789,16
-10.573,8.2789,17
-10.573,8.2789,18
-10.573,8.2789,19
-10.573,8.2789,20
-10.573,8.2789,21
-10.573,8.2789,22
-10.573,8.2789,23
-11.1903,7.8769,23
-11.1903,7.8769,24
-10.573,8.2789,24
-11.1903,7.8769,25
-10.573,8.2789,25
-10.573,8.2789,26
-10.573,8.2789,27
-11.1903,7.8769,27
-11.1903,7.8769,28
-10.573,8.2789,28
-11.7383,7.9647,28
-11.1903,7.8769,29
-10.573,8.2789,29
-10.573,8.2789,30
-11.1903,7.8769,30
-11.1903,7.8769,31
-10.573,8.2789,31
-11.1903,7.8769,32
-10.573,8.2789,32
-10.573,8.2789,33
-11.1903,7.8769,33
-10.573,8.2789,34
-11.1903,7.8769,34
-11.1903,7.8769,35
-10.573,8.2789,35
-13.2333,8.4833,35
-11.1903,7.8769,36
-10.573,8.2789,36
-11.0224,8.7055,37
-10.573,8.2789,37
-11.1903,7.8769,37
-11.1903,7.8769,38
-10.573,8.2789,38
-11.7383,7.9647,38
-11.0224,8.7055,38
-11.1903,7.8769,39
-10.573,8.2789,39
-10.573,8.2789,40
-11.1903,7.8769,40
-10.573,8.2789,41
-11.1903,7.8769,41
-11.0224,8.7055,41
-11.1903,7.8769,42
-10.573,8.2789,42
-11.7383,7.9647,42
-12.7833,8.7667,42
-12.4317,8.159,42
-11.1903,7.8769,43
-10.573,8.2789,43
-13.2333,8.4833,44
-10.573,8.2789,44
-11.7383,7.9647,44
-11.1903,7.8769,44
-11.1903,7.8769,45
-10.573,8.2789,45
-11.7383,7.9647,45
-10.573,8.2789,46
-12.7833,8.7667,46
-11.1903,7.8769,46
-11.1903,7.8769,47
-10.573,8.2789,47
-11.0224,8.7055,48
-10.573,8.2789,48
-13.2333,8.4833,48
-13.2333,8.4833,49
-10.573,8.2789,49
-11.1903,7.8769,49
-11.1903,7.8769,50
-10.573,8.2789,50
-12.505,7.5264,51
-10.573,8.2789,51
-11.1903,7.8769,51
-10.573,8.2789,52
-11.1903,7.8769,52
-11.7383,7.9647,53
-10.573,8.2789,53
-11.1903,7.8769,53
-11.1903,7.8769,54
-10.573,8.2789,54
-11.1903,7.8769,55
-11.0224,8.7055,55
-10.573,8.2789,55
-12.7833,8.7667,56
-11.7383,7.9647,56
-10.573,8.2789,56
-11.1903,7.8769,56
-11.7383,7.9647,57
-11.1903,7.8769,57
-13.2333,8.4833,57
-11.1903,7.8769,58
-13.2333,8.4833,58
-11.7383,7.9647,58
-12.4317,8.159,58
-10.573,8.2789,59
-11.1903,7.8769,59
-11.75,9.05,60
-11.1903,7.8769,60
-11.7383,7.9647,60
-13.2333,8.4,60
-12.7833,8.7667,60
-11.1903,7.8769,61
-11.75,9.05,61
-10.573,8.2789,61
-10.573,8.2789,62
-12.7833,8.7667,62
-11.1903,7.8769,62
-11.8,8.7,62
-11.1903,7.8769,63
-11.0224,8.7055,63
-11.7383,7.9647,63
-10.573,8.2789,63
-11.1903,7.8769,64
-11.7383,7.9647,64
-10.573,8.2789,64
-11.0224,8.7055,65
-10.573,8.2789,65
-11.1903,7.8769,65
-12.7833,8.7667,65
-11.7383,7.9647,65
-11.1903,7.8769,66
-11.7383,7.9647,66
-12.7833,8.7667,66
-11.1903,7.8769,67
-12.4317,8.159,67
-10.573,8.2789,67
-12.4317,8.159,68
-11.75,9.05,68
-12.7833,8.7667,68
-11.7383,7.9647,68
-11.1903,7.8769,68
-11.7181,7.3506,68
-11.7181,7.3506,69
-11.1903,7.8769,69
-11.7383,7.9647,69
-13.2333,8.4833,70
-10.573,8.2789,70
-12.7833,8.7667,70
-11.1903,7.8769,70
-12.4317,8.159,70
-11.7383,7.9647,70
-11.1903,7.8769,71
-11.7383,7.9647,71
-13.2333,8.4833,71
-12.7833,8.7667,71
-11.7383,7.9647,72
-12.7833,8.7667,72
-11.1903,7.8769,72
-11.7181,7.3506,72
-11.1903,7.8769,73
-12.4317,8.159,73
-13.2333,8.4,73
-13.2333,8.4833,73
-10.573,8.2789,73
-11.7383,7.9647,74
-11.1903,7.8769,74
-12.7833,8.7667,74
-13.2333,8.4833,74
-11.1903,7.8769,75
-11.7383,7.9647,75
-11.75,9.05,75
-13.2333,8.4833,76
-11.1903,7.8769,76
-11.75,9.05,76
-11.7383,7.9647,76
-11.8,8.7,76
-13.2333,8.4833,77
-11.1903,7.8769,77
-11.1903,7.8769,78
-12.7833,8.7667,78
-11.75,9.05,78
-12.4317,8.159,79
-13.2333,8.4,79
-11.1903,7.8769,79
-12.7833,8.7667,79
-11.75,9.05,80
-11.1903,7.8769,80
-13.2333,8.4833,81
-11.1903,7.8769,81
-12.7833,8.7667,81
-11.1903,7.8769,82
-13.2333,8.4,83
-11.1903,7.8769,83
-12.7833,8.7667,83
-13.2333,8.4833,83
-11.1903,7.8769,84
-11.8,8.7,84
-12.4317,8.159,85
-13.2333,8.4,85
-11.7383,7.9647,85
-12.7833,8.7667,85
-11.1903,7.8769,85
-13.2333,8.4,86
-11.7383,7.9647,86
-13.2333,8.4833,86
-12.7833,8.7667,86
-11.75,9.05,86
-12.7833,8.7667,87
-12.7833,8.7667,88
-13.2333,8.4833,88
-11.75,9.05,88
-11.1903,7.8769,89
-13.2333,8.4833,89
-12.7833,8.7667,89
-11.7383,7.9647,89
-11.75,9.05,89
-10.573,8.2789,89
-12.7833,8.7667,90
-11.1903,7.8769,90
-13.2333,8.4,90
-11.75,9.05,90
-10.573,8.2789,90
-13.2333,8.4,91
-11.7181,7.3506,91
-12.4317,8.159,91
-11.5,9.3333,91
-12.7833,8.7667,91
-11.7383,7.9647,91
-13.2333,8.4833,91
-11.75,9.05,91
-11.1903,7.8769,91
-10.573,8.2789,91
-12.9182,9.125,92
-11.0224,8.7055,92
-11.8,8.7,92
-13.2333,8.4,92
-13.2333,8.4833,92
-10.573,8.2789,92
-11.75,9.05,92
-11.1903,7.8769,92
-12.7833,8.7667,92
-11.1903,7.8769,93
-13.2333,8.4,93
-11.75,9.05,93
-12.7833,8.7667,93
-11.8,8.7,93
-12.4317,8.159,94
-11.75,9.05,94
-12.7833,8.7667,94
-13.2333,8.4833,94
-11.1903,7.8769,94
-10.573,8.2789,94
-11.7383,7.9647,95
-10.573,8.2789,95
-11.1903,7.8769,95
-12.7833,8.7667,95
-13.2333,8.4833,95
-13.2333,8.4,95
-11.75,9.05,95
-13.2333,8.4833,96
-13.2333,8.4,96
-11.1903,7.8769,96
-11.7383,7.9647,96
-11.75,9.05,96
-10.573,8.2789,96
-10.573,8.2789,97
-13.2333,8.4,97
-13.2333,8.4833,97
-11.8,8.7,97
-11.1903,7.8769,97
-12.7833,8.7667,97
-11.7383,7.9647,97
-11.0224,8.7055,97
-11.0224,8.7055,98
-11.8,8.7,98
-10.573,8.2789,98
-11.7181,7.3506,98
-13.2333,8.4,98
-12.7833,8.7667,98
-11.1903,7.8769,98
-11.75,9.05,98
-12.7833,8.7667,99
-11.1903,7.8769,99
-11.7383,7.9647,99
-13.2333,8.4833,99
-11.75,9.05,99
-10.573,8.2789,99
-12.4317,8.159,99
-11.8,8.7,99
-10.573,8.2789,100
-11.75,9.05,100
-13.2333,8.4833,100
-12.4317,8.159,100
-11.0224,8.7055,100
-11.1903,7.8769,100
-12.7833,8.7667,100
-13.2333,8.4,100
-11.8,8.7,100
-10.573,8.2789,101
-11.7383,7.9647,101
-11.7181,7.3506,101
-13.2333,8.4833,101
-11.1903,7.8769,101
-12.7833,8.7667,101
-11.0224,8.7055,101
-11.1903,7.8769,102
-11.7383,7.9647,102
-12.7833,8.7667,102
-13.2333,8.4,102
-13.2333,8.4833,102
-10.573,8.2789,102
-11.75,9.05,103
-11.8,8.7,103
-13.2333,8.4833,103
-13.2333,8.4,103
-12.4317,8.159,103
-11.7383,7.9647,103
-11.1903,7.8769,103
-12.7833,8.7667,103
-12.7833,8.7667,104
-11.1903,7.8769,104
-11.7181,7.3506,104
-13.2333,8.4,104
-13.2333,8.4833,104
-11.75,9.05,104
-11.8,8.7,104
-12.4317,8.159,105
-10.573,8.2789,105
-11.0224,8.7055,105
-11.7383,7.9647,105
-11.8,8.7,105
-11.75,9.05,105
-13.2333,8.4833,105
-12.7833,8.7667,105
-11.1903,7.8769,105
-11.75,9.05,106
-11.7383,7.9647,106
-11.1903,7.8769,106
-10.573,8.2789,106
-13.2333,8.4,106
-13.2333,8.4833,106
-12.7833,8.7667,106
-11.0224,8.7055,106
-11.1903,7.8769,107
-11.7383,7.9647,107
-11.0224,8.7055,107
-10.573,8.2789,107
-12.7833,8.7667,107
-13.2333,8.4,107
-11.75,9.05,107
-11.8,8.7,107
-11.8,8.7,108
-12.4317,8.159,108
-11.0224,8.7055,108
-13.2333,8.4,108
-12.7833,8.7667,108
-11.7383,7.9647,108
-11.1903,7.8769,108
-11.75,9.05,108
-13.2333,8.4833,108
-10.573,8.2789,108
-11.1903,7.8769,109
-12.7833,8.7667,109
-11.8,8.7,109
-11.75,9.05,109
-13.2333,8.4,109
-11.0224,8.7055,109
-11.7383,7.9647,109
-10.573,8.2789,109
-13.2333,8.4833,109
-12.9182,9.125,109
-11.0224,8.7055,110
-11.8,8.7,110
-11.1903,7.8769,110
-13.2333,8.4833,110
-10.573,8.2789,110
-11.7383,7.9647,110
-11.75,9.05,110
-12.7833,8.7667,110
-13.2333,8.4,110
-12.7833,8.7667,111
-12.4317,8.159,111
-11.1903,7.8769,111
-13.2333,8.4833,111
-11.75,9.05,111
-13.2333,8.4,111
-11.7383,7.9647,111
-12.4317,8.159,112
-11.75,9.05,112
-11.1903,7.8769,112
-12.7833,8.7667,112
-13.2333,8.4,112
-13.2333,8.4833,112
-11.7383,7.9647,112
-11.8,8.7,112
-12.505,7.5264,112
-13.2333,8.4833,113
-11.8,8.7,113
-10.573,8.2789,113
-11.1903,7.8769,113
-12.505,7.5264,113
-11.75,9.05,113
-12.7833,8.7667,113
-11.0224,8.7055,114
-13.2333,8.4,114
-12.9182,9.125,114
-11.7383,7.9647,114
-11.1903,7.8769,114
-11.75,9.05,114
-12.7833,8.7667,114
-11.8,8.7,114
-13.2333,8.4833,114
-12.4317,8.159,114
-12.4317,8.159,115
-13.2333,8.4833,115
-12.7833,8.7667,115
-10.573,8.2789,115
-11.8,8.7,115
-11.1903,7.8769,115
-11.75,9.05,115
-11.0224,8.7055,115
-13.2333,8.4,115
-12.7833,8.7667,116
-12.9182,9.125,116
-12.4317,8.159,116
-11.0224,8.7055,116
-11.8,8.7,116
-13.2333,8.4833,116
-13.2333,8.4,116
-11.75,9.05,116
-13.2333,8.4,117
-12.7833,8.7667,117
-13.2333,8.4833,117
-11.75,9.05,117
-12.4317,8.159,117
-11.1903,7.8769,117
-11.8,8.7,117
-11.0224,8.7055,118
-12.9182,9.125,118
-11.7383,7.9647,118
-11.1903,7.8769,118
-11.75,9.05,118
-13.2333,8.4833,118
-11.8,8.7,118
-13.2333,8.4,118
-12.4317,8.159,118
-12.7833,8.7667,118
-13.2333,8.4833,119
-13.2333,8.4,119
-11.75,9.05,119
-11.1903,7.8769,119
-12.4317,8.159,119
-11.7181,7.3506,119
-11.8,8.7,119
-12.9182,9.125,119
-12.7833,8.7667,119
-11.0224,8.7055,119
-11.1903,7.8769,120
-12.4317,8.159,120
-12.9182,9.125,120
-11.0224,8.7055,120
-11.7383,7.9647,120
-11.75,9.05,120
-11.8,8.7,120
-12.7833,8.7667,120
-13.2333,8.4,120
-13.2333,8.4833,120
-11.7181,7.3506,120
-11.7383,7.9647,121
-11.0224,8.7055,121
-12.9182,9.125,121
-11.8,8.7,121
-11.7181,7.3506,121
-11.1903,7.8769,121
-11.75,9.05,121
-12.7833,8.7667,121
-13.2333,8.4,121
-13.2333,8.4833,121
-12.4317,8.159,121
-11.8,8.7,122
-12.4317,8.159,122
-11.0224,8.7055,122
-11.1903,7.8769,122
-13.2333,8.4833,122
-11.75,9.05,122
-12.7833,8.7667,122
-13.2333,8.4,122
-13.2333,8.4833,123
-13.2333,8.4,123
-11.75,9.05,123
-11.0224,8.7055,123
-11.7383,7.9647,123
-12.7833,8.7667,123
-12.9182,9.125,123
-11.1903,7.8769,123
-12.4317,8.159,124
-11.7383,7.9647,124
-11.75,9.05,124
-11.1903,7.8769,124
-12.7833,8.7667,124
-13.2333,8.4,124
-11.8,8.7,124
-13.2333,8.4833,124
-10.573,8.2789,125
-11.7181,7.3506,125
-11.75,9.05,125
-11.8,8.7,125
-12.4317,8.159,125
-13.2333,8.4833,125
-12.7833,8.7667,125
-13.2333,8.4,125
-12.9182,9.125,125
-12.7833,8.7667,126
-11.0224,8.7055,126
-12.4317,8.159,126
-11.1903,7.8769,126
-10.573,8.2789,126
-11.7181,7.3506,126
-11.8,8.7,126
-12.9182,9.125,126
-11.7383,7.9647,126
-11.75,9.05,126
-13.2333,8.4833,126
-13.2333,8.4,126
-11.1903,7.8769,127
-10.573,8.2789,127
-11.7383,7.9647,127
-12.4317,8.159,127
-11.8,8.7,127
-12.7833,8.7667,127
-11.75,9.05,127
-13.2333,8.4,127
-13.2333,8.4833,127
-11.0224,8.7055,127
-11.1903,7.8769,128
-11.0224,8.7055,128
-11.7383,7.9647,128
-12.4317,8.159,128
-12.7833,8.7667,128
-10.573,8.2789,128
-12.9182,9.125,128
-11.8,8.7,128
-11.75,9.05,128
-13.2333,8.4,128
-13.2333,8.4833,128
-12.4317,8.159,129
-11.0224,8.7055,129
-11.7181,7.3506,129
-11.8,8.7,129
-12.7833,8.7667,129
-11.75,9.05,129
-13.2333,8.4,129
-13.2333,8.4833,129
-11.1903,7.8769,129
-11.8,8.7,130
-13.2333,8.4,130
-12.7833,8.7667,130
-11.75,9.05,130
-11.0224,8.7055,130
-11.1903,7.8769,130
-11.7383,7.9647,130
-12.4317,8.159,130
-13.2333,8.4833,130
-11.1903,7.8769,131
-11.7383,7.9647,131
-11.8,8.7,131
-12.4317,8.159,131
-12.7833,8.7667,131
-13.2333,8.4833,131
-11.75,9.05,131
-10.573,8.2789,131
-13.2333,8.4,131
-11.7181,7.3506,132
-11.8,8.7,132
-12.4317,8.159,132
-11.0224,8.7055,132
-10.573,8.2789,132
-11.7383,7.9647,132
-11.75,9.05,132
-12.7833,8.7667,132
-12.9182,9.125,132
-13.2333,8.4,132
-13.2333,8.4833,132
-11.1903,7.8769,132
-13.2333,8.4833,133
-11.8,8.7,133
-11.7181,7.3506,133
-11.75,9.05,133
-12.7833,8.7667,133
-11.1903,7.8769,133
-12.4317,8.159,133
-13.2333,8.4,133
-12.9182,9.125,133
-13.2333,8.4,134
-13.2333,8.4833,134
-12.7833,8.7667,134
-11.75,9.05,134
-12.4317,8.159,134
-11.7383,7.9647,134
-11.1903,7.8769,134
-11.5,9.3333,134
-11.8,8.7,134
-11.0224,8.7055,135
-11.75,9.05,135
-11.8,8.7,135
-12.4317,8.159,135
-12.7833,8.7667,135
-13.2333,8.4,135
-11.7383,7.9647,135
-13.2333,8.4833,135
-13.2333,8.4833,136
-11.8,8.7,136
-11.75,9.05,136
-12.4317,8.159,136
-12.7833,8.7667,136
-11.7383,7.9647,136
-11.1903,7.8769,136
-11.0224,8.7055,136
-13.2333,8.4,136
-12.4317,8.159,137
-11.7383,7.9647,137
-11.0224,8.7055,137
-13.2333,8.4833,137
-12.7833,8.7667,137
-11.5,9.3333,137
-11.75,9.05,137
-11.8,8.7,137
-13.2333,8.4,137
-12.9182,9.125,137
-11.1903,7.8769,137
-11.0224,8.7055,138
-12.4317,8.159,138
-11.1903,7.8769,138
-11.7383,7.9647,138
-11.8,8.7,138
-13.2333,8.4833,138
-12.7833,8.7667,138
-13.2333,8.4,138
-11.75,9.05,138
-11.1903,7.8769,139
-13.2333,8.4,139
-12.4317,8.159,139
-11.7383,7.9647,139
-10.573,8.2789,139
-13.2333,8.4833,139
-12.7833,8.7667,139
-11.75,9.05,139
-11.8,8.7,139
-13.2333,8.4,140
-13.2333,8.4833,140
-11.0224,8.7055,140
-12.4317,8.159,140
-12.7833,8.7667,140
-10.573,8.2789,140
-11.5,9.3333,140
-12.9182,9.125,140
-11.1903,7.8769,140
-11.7383,7.9647,140
-11.75,9.05,140
-11.8,8.7,140
-11.1903,7.8769,141
-13.2333,8.4833,141
-13.2333,8.4,141
-12.7833,8.7667,141
-11.5,9.3333,141
-11.7383,7.9647,141
-11.75,9.05,141
-11.8,8.7,141
-11.0224,8.7055,142
-11.1903,7.8769,142
-10.573,8.2789,142
-12.4317,8.159,142
-13.2333,8.4,142
-11.5,9.3333,142
-11.7383,7.9647,142
-12.505,7.5264,142
-11.75,9.05,142
-11.8,8.7,142
-13.2333,8.4833,142
-12.7833,8.7667,142
-12.4317,8.159,143
-11.8,8.7,143
-12.7833,8.7667,143
-13.2333,8.4,143
-10.573,8.2789,143
-11.7383,7.9647,143
-11.5,9.3333,143
-11.75,9.05,143
-13.2333,8.4833,143
-11.1903,7.8769,143
-11.8,8.7,144
-12.4317,8.159,144
-11.7181,7.3506,144
-10.573,8.2789,144
-11.1903,7.8769,144
-11.7383,7.9647,144
-11.75,9.05,144
-13.2333,8.4,144
-12.7833,8.7667,144
-13.2333,8.4833,144
-11.5,9.3333,145
-11.0224,8.7055,145
-10.573,8.2789,145
-11.8,8.7,145
-12.7833,8.7667,145
-11.7383,7.9647,145
-11.75,9.05,145
-13.2333,8.4833,145
-13.2333,8.4,145
-12.4317,8.159,145
-10.573,8.2789,146
-11.7181,7.3506,146
-12.7833,8.7667,146
-11.8,8.7,146
-12.4317,8.159,146
-11.5,9.3333,146
-11.1903,7.8769,146
-11.7383,7.9647,146
-11.75,9.05,146
-13.2333,8.4833,146
-13.2333,8.4,146
-11.0224,8.7055,147
-12.7833,8.7667,147
-11.8,8.7,147
-10.573,8.2789,147
-11.5,9.3333,147
-11.1903,7.8769,147
-11.7383,7.9647,147
-11.75,9.05,147
-13.2333,8.4833,147
-13.2333,8.4,147
-12.4317,8.159,147
-10.573,8.2789,148
-11.8,8.7,148
-12.7833,8.7667,148
-11.5,9.3333,148
-11.1903,7.8769,148
-11.7383,7.9647,148
-11.75,9.05,148
-13.2333,8.4,148
-13.2333,8.4833,148
-11.0224,8.7055,149
-11.7181,7.3506,149
-10.573,8.2789,149
-11.8,8.7,149
-12.4317,8.159,149
-11.5,9.3333,149
-11.1903,7.8769,149
-11.7383,7.9647,149
-11.75,9.05,149
-12.7833,8.7667,149
-13.2333,8.4833,149
-13.2333,8.4,149
-11.8,8.7,150
-12.7833,8.7667,150
-13.2333,8.4,150
-11.7383,7.9647,150
-10.573,8.2789,150
-12.9182,9.125,150
-11.1903,7.8769,150
-11.75,9.05,150
-13.2333,8.4833,150
-12.4317,8.159,151
-11.7181,7.3506,151
-11.0224,8.7055,151
-11.8,8.7,151
-11.5,9.3333,151
-11.7383,7.9647,151
-11.75,9.05,151
-13.2333,8.4,151
-12.7833,8.7667,151
-13.2333,8.4833,151
-11.1903,7.8769,151
-12.4317,8.159,152
-11.0224,8.7055,152
-12.7833,8.7667,152
-10.573,8.2789,152
-11.8,8.7,152
-11.5,9.3333,152
-11.1903,7.8769,152
-12.9182,9.125,152
-11.7383,7.9647,152
-11.75,9.05,152
-13.2333,8.4833,152
-13.2333,8.4,152
-11.7383,7.9647,153
-11.1903,7.8769,153
-11.8,8.7,153
-12.7833,8.7667,153
-10.573,8.2789,153
-12.4317,8.159,153
-11.75,9.05,153
-13.2333,8.4,153
-13.2333,8.4833,153
-11.7181,7.3506,154
-11.1903,7.8769,154
-12.7833,8.7667,154
-11.8,8.7,154
-10.573,8.2789,154
-12.4317,8.159,154
-11.7383,7.9647,154
-11.75,9.05,154
-13.2333,8.4,154
-13.2333,8.4833,154
-11.5,9.3333,154
-11.1903,7.8769,155
-11.75,9.05,155
-13.2333,8.4,155
-12.9182,9.125,155
-10.573,8.2789,155
-11.8,8.7,155
-12.7833,8.7667,155
-11.7181,7.3506,155
-13.2333,8.4833,155
-13.2333,8.4,156
-12.7833,8.7667,156
-12.4317,8.159,156
-11.7181,7.3506,156
-11.8,8.7,156
-11.0224,8.7055,156
-12.9182,9.125,156
-11.7383,7.9647,156
-11.5,9.3333,156
-11.75,9.05,156
-13.2333,8.4833,156
-12.4317,8.159,157
-11.8,8.7,157
-12.7833,8.7667,157
-13.2333,8.4833,157
-10.573,8.2789,157
-11.5,9.3333,157
-12.9182,9.125,157
-11.1903,7.8769,157
-11.7383,7.9647,157
-11.75,9.05,157
-13.2333,8.4,157
-12.4317,8.159,158
-11.1903,7.8769,158
-13.2333,8.4833,158
-11.8,8.7,158
-12.7833,8.7667,158
-10.573,8.2789,158
-11.5,9.3333,158
-12.9182,9.125,158
-13.2333,8.4,158
-11.75,9.05,158
-11.7383,7.9647,158
-11.1903,7.8769,159
-13.2333,8.4833,159
-11.75,9.05,159
-13.2333,8.4,159
-11.7383,7.9647,159
-11.5,9.3333,159
-12.4317,8.159,159
-11.7181,7.3506,159
-10.573,8.2789,159
-11.8,8.7,159
-13.2333,8.4,160
-12.7833,8.7667,160
-11.0224,8.7055,160
-12.9182,9.125,160
-11.8,8.7,160
-11.1903,7.8769,160
-10.573,8.2789,160
-11.7383,7.9647,160
-11.75,9.05,160
-13.2333,8.4833,160
-11.1903,7.8769,161
-11.0224,8.7055,161
-11.5,9.3333,161
-13.2333,8.4,161
-11.8,8.7,161
-12.4317,8.159,161
-12.9182,9.125,161
-13.2333,8.4833,161
-11.75,9.05,161
-12.7833,8.7667,161
-13.2333,8.4,162
-11.7383,7.9647,162
-11.1903,7.8769,162
-11.0224,8.7055,162
-10.573,8.2789,162
-12.9182,9.125,162
-11.75,9.05,162
-13.2333,8.4833,162
-12.4317,8.159,162
-11.1903,7.8769,163
-13.2333,8.4833,163
-11.75,9.05,163
-12.9182,9.125,163
-12.4317,8.159,163
-10.573,8.2789,163
-11.8,8.7,163
-13.2333,8.4,163
-11.7383,7.9647,163
-11.5,9.3333,163
-12.7833,8.7667,164
-10.573,8.2789,164
-11.7383,7.9647,164
-11.8,8.7,164
-12.4317,8.159,164
-11.0224,8.7055,164
-13.2333,8.4833,164
-12.9182,9.125,164
-11.75,9.05,164
-13.2333,8.4,164
-11.5,9.3333,164
-11.0224,8.7055,165
-11.5,9.3333,165
-11.8,8.7,165
-11.1903,7.8769,165
-10.573,8.2789,165
-12.9182,9.125,165
-13.2333,8.4833,165
-13.2333,8.4,165
-12.7833,8.7667,165
-11.7383,7.9647,165
-11.75,9.05,165
-12.4317,8.159,165
-11.1903,7.8769,166
-13.2333,8.4,166
-11.8,8.7,166
-12.7833,8.7667,166
-10.573,8.2789,166
-11.5,9.3333,166
-13.2333,8.4833,166
-11.7383,7.9647,166
-11.75,9.05,166
-12.4317,8.159,166
-10.573,8.2789,167
-13.2333,8.4,167
-11.75,9.05,167
-12.4317,8.159,167
-11.5,9.3333,167
-11.8,8.7,167
-11.1903,7.8769,167
-12.7833,8.7667,167
-13.2333,8.4833,167
-11.7383,7.9647,167
-12.9182,9.125,168
-11.8,8.7,168
-13.2333,8.4833,168
-11.5,9.3333,168
-12.7833,8.7667,168
-11.7383,7.9647,168
-11.75,9.05,168
-12.4317,8.159,168
-13.2333,8.4,168
-11.1903,7.8769,168
-11.1903,7.8769,169
-11.5,9.3333,169
-11.0224,8.7055,169
-11.8,8.7,169
-10.573,8.2789,169
-12.4317,8.159,169
-13.2333,8.4833,169
-12.7833,8.7667,169
-11.75,9.05,169
-13.2333,8.4,169
-11.7383,7.9647,169
-11.1903,7.8769,170
-11.8,8.7,170
-12.7833,8.7667,170
-11.7383,7.9647,170
-11.5,9.3333,170
-13.2333,8.4,170
-12.4317,8.159,170
-13.2333,8.4833,170
-11.75,9.05,170
-11.8,8.7,171
-12.7833,8.7667,171
-12.4317,8.159,171
-11.5,9.3333,171
-11.75,9.05,171
-13.2333,8.4833,171
-13.2333,8.4,171
-11.7383,7.9647,171
-12.4317,8.159,172
-11.8,8.7,172
-11.0224,8.7055,172
-11.7181,7.3506,172
-11.5,9.3333,172
-13.2333,8.4833,172
-11.75,9.05,172
-13.2333,8.4,172
-11.7383,7.9647,172
-12.7833,8.7667,172
-11.1903,7.8769,173
-11.0224,8.7055,173
-11.8,8.7,173
-12.4317,8.159,173
-11.7383,7.9647,173
-13.2333,8.4,173
-13.2333,8.4833,173
-12.7833,8.7667,173
-11.5,9.3333,173
-11.75,9.05,173
-11.5,9.3333,174
-11.7383,7.9647,174
-11.0224,8.7055,174
-12.4317,8.159,174
-11.8,8.7,174
-12.9182,9.125,174
-10.573,8.2789,174
-12.505,7.5264,174
-11.75,9.05,174
-13.2333,8.4,174
-13.2333,8.4833,174
-12.7833,8.7667,174
-11.8,8.7,175
-12.9182,9.125,175
-12.7833,8.7667,175
-10.573,8.2789,175
-12.4317,8.159,175
-11.75,9.05,175
-11.7383,7.9647,175
-13.2333,8.4,175
-13.2333,8.4833,175
-11.5,9.3333,175
-13.2333,8.4,176
-11.8,8.7,176
-11.75,9.05,176
-11.7383,7.9647,176
-12.4317,8.159,176
-11.0224,8.7055,176
-13.2333,8.4833,176
-12.7833,8.7667,176
-11.1903,7.8769,176
-11.8,8.7,177
-11.7383,7.9647,177
-11.0224,8.7055,177
-11.5,9.3333,177
-12.7833,8.7667,177
-13.2333,8.4,177
-11.75,9.05,177
-13.2333,8.4833,177
-11.0224,8.7055,178
-11.1903,7.8769,178
-12.9182,9.125,178
-10.573,8.2789,178
-12.4317,8.159,178
-11.5,9.3333,178
-13.2333,8.4,178
-11.8,8.7,178
-13.2333,8.4833,178
-11.7383,7.9647,178
-11.75,9.05,178
-11.8,8.7,179
-12.9182,9.125,179
-12.7833,8.7667,179
-11.0224,8.7055,179
-10.573,8.2789,179
-11.7383,7.9647,179
-11.5,9.3333,179
-13.2333,8.4,179
-13.2333,8.4833,179
-11.75,9.05,179
-12.4317,8.159,179
-12.9182,9.125,180
-11.8,8.7,180
-13.2333,8.4833,180
-11.75,9.05,180
-11.7383,7.9647,180
-11.1903,7.8769,180
-13.2333,8.4,180
-12.4317,8.159,180
-11.0224,8.7055,180
-12.7833,8.7667,180
-12.9182,9.125,181
-11.0224,8.7055,181
-12.7833,8.7667,181
-11.1903,7.8769,181
-11.8,8.7,181
-10.573,8.2789,181
-12.4317,8.159,181
-11.75,9.05,181
-13.2333,8.4833,181
-13.2333,8.4,181
-11.7383,7.9647,181
-12.9182,9.125,182
-13.2333,8.4,182
-12.7833,8.7667,182
-11.8,8.7,182
-11.1903,7.8769,182
-13.2333,8.4833,182
-11.7383,7.9647,182
-11.75,9.05,182
-11.0224,8.7055,183
-13.2333,8.4,183
-13.2333,8.4833,183
-12.9182,9.125,183
-12.7833,8.7667,183
-11.5,9.3333,183
-11.8,8.7,183
-11.7383,7.9647,183
-11.75,9.05,183
-10.573,8.2789,183
-11.1903,7.8769,184
-11.75,9.05,184
-11.7383,7.9647,184
-11.8,8.7,184
-13.2333,8.4833,184
-11.0224,8.7055,184
-11.5,9.3333,184
-13.2333,8.4,184
-12.9182,9.125,184
-12.7833,8.7667,184
-11.0224,8.7055,185
-11.1903,7.8769,185
-12.7833,8.7667,185
-12.9182,9.125,185
-11.7181,7.3506,185
-13.2333,8.4,185
-11.8,8.7,185
-11.7383,7.9647,185
-13.2333,8.4833,185
-11.5,9.3333,185
-11.75,9.05,185
-12.7833,8.7667,186
-11.0224,8.7055,186
-11.1903,7.8769,186
-12.4317,8.159,186
-11.5,9.3333,186
-11.75,9.05,186
-13.2333,8.4833,186
-13.2333,8.4,186
-11.8,8.7,186
-11.7383,7.9647,186
-11.0224,8.7055,187
-11.7181,7.3506,187
-11.1903,7.8769,187
-11.8,8.7,187
-10.573,8.2789,187
-11.5,9.3333,187
-11.7383,7.9647,187
-12.7833,8.7667,187
-11.75,9.05,187
-13.2333,8.4833,187
-13.2333,8.4,187
-12.4317,8.159,187
-12.7833,8.7667,188
-11.75,9.05,188
-11.7383,7.9647,188
-11.5,9.3333,188
-11.8,8.7,188
-13.2333,8.4833,188
-13.2333,8.4,188
-11.0224,8.7055,188
-11.1903,7.8769,188
-12.9182,9.125,188
-13.2333,8.4833,189
-13.2333,8.4,189
-11.7181,7.3506,189
-12.4317,8.159,189
-11.8,8.7,189
-11.0224,8.7055,189
-11.7383,7.9647,189
-11.75,9.05,189
-11.5,9.3333,189
-12.9182,9.125,190
-11.5,9.3333,190
-12.7833,8.7667,190
-11.8,8.7,190
-11.75,9.05,190
-12.4317,8.159,190
-13.2333,8.4833,190
-13.2333,8.4,190
-13.2333,8.4833,191
-11.75,9.05,191
-11.7383,7.9647,191
-13.2333,8.4,191
-12.505,7.5264,192
-12.7833,8.7667,192
-13.2333,8.4,192
-13.2333,8.4833,192
-11.75,9.05,192
-11.7383,7.9647,192
-11.1903,7.8769,192
-12.4317,8.159,192
-11.8,8.7,192
-12.9182,9.125,192
-13.2333,8.4,193
-11.8,8.7,193
-13.2333,8.4833,193
-12.7833,8.7667,193
-11.7383,7.9647,193
-11.0224,8.7055,193
-11.75,9.05,193
-12.4317,8.159,193
-13.2333,8.4,194
-11.75,9.05,194
-11.7383,7.9647,194
-12.4317,8.159,194
-12.7833,8.7667,194
-13.2333,8.4833,194
-11.0224,8.7055,194
-11.8,8.7,195
-13.2333,8.4833,195
-12.7833,8.7667,195
-13.2333,8.4,195
-11.0224,8.7055,195
-11.7383,7.9647,195
-11.75,9.05,195
-12.4317,8.159,195
-13.2333,8.4,196
-12.7833,8.7667,196
-11.8,8.7,196
-12.4317,8.159,196
-13.2333,8.4833,196
-11.7383,7.9647,196
-11.0224,8.7055,196
-11.75,9.05,196
-11.75,9.05,197
-11.7383,7.9647,197
-11.0224,8.7055,197
-11.5,9.3333,197
-12.4317,8.159,197
-11.8,8.7,197
-13.2333,8.4833,197
-13.2333,8.4,197
-12.7833,8.7667,197
-12.4317,8.159,198
-12.7833,8.7667,198
-11.1903,7.8769,198
-13.2333,8.4,198
-13.2333,8.4833,198
-11.5,9.3333,198
-11.7383,7.9647,198
-11.75,9.05,198
-11.8,8.7,198
-11.0224,8.7055,198
-11.75,9.05,199
-11.7383,7.9647,199
-12.9182,9.125,199
-10.573,8.2789,199
-13.2333,8.4833,199
-12.7833,8.7667,199
-11.8,8.7,199
-13.2333,8.4,199
-11.5,9.3333,200
-11.8,8.7,200
-12.7833,8.7667,200
-13.2333,8.4833,200
-12.9182,9.125,200
-11.75,9.05,200
-13.2333,8.4,200
-11.7383,7.9647,200
-11.0224,8.7055,201
-11.75,9.05,201
-11.7383,7.9647,201
-11.5,9.3333,201
-12.7833,8.7667,201
-11.8,8.7,201
-13.2333,8.4833,201
-13.2333,8.4,201
-11.8,8.7,202
-12.7833,8.7667,202
-11.0224,8.7055,202
-13.2333,8.4,202
-11.7383,7.9647,202
-11.75,9.05,202
-13.2333,8.4833,202
-12.9182,9.125,202
-13.2333,8.4,203
-11.1903,7.8769,203
-12.9182,9.125,203
-11.8,8.7,203
-11.75,9.05,203
-12.7833,8.7667,203
-13.2333,8.4833,203
-11.7383,7.9647,203
-13.2333,8.4,204
-13.2333,8.4833,204
-11.75,9.05,204
-11.7383,7.9647,204
-11.0224,8.7055,204
-12.7833,8.7667,204
-12.9182,9.125,204
-13.2333,8.4,205
-11.8,8.7,205
-11.0224,8.7055,205
-12.7833,8.7667,205
-11.75,9.05,205
-13.2333,8.4833,205
-12.9182,9.125,205
-13.2333,8.4833,206
-11.0224,8.7055,206
-11.75,9.05,206
-12.4317,8.159,206
-11.8,8.7,206
-12.7833,8.7667,206
-13.2333,8.4,206
-11.1903,7.8769,207
-13.2333,8.4,207
-13.2333,8.4833,207
-11.8,8.7,207
-12.7833,8.7667,207
-11.0224,8.7055,207
-11.75,9.05,207
-12.4317,8.159,207
-11.8,8.7,208
-11.7383,7.9647,208
-12.9182,9.125,208
-12.7833,8.7667,208
-13.2333,8.4,208
-11.75,9.05,208
-13.2333,8.4833,208
-11.0224,8.7055,208
-12.4317,8.159,208
-13.2333,8.4,209
-13.2333,8.4833,209
-11.8,8.7,209
-11.5,9.3333,209
-12.9182,9.125,209
-11.75,9.05,209
-12.7833,8.7667,209
-11.0224,8.7055,209
-11.7383,7.9647,209
-11.7383,7.9647,210
-11.8,8.7,210
-11.0224,8.7055,210
-12.505,7.5264,210
-12.9182,9.125,210
-12.7833,8.7667,210
-13.2333,8.4,210
-13.2333,8.4833,210
-11.75,9.05,210
-11.7383,7.9647,211
-11.5,9.3333,211
-11.1903,7.8769,211
-11.0224,8.7055,211
-12.7833,8.7667,211
-11.75,9.05,211
-13.2333,8.4833,211
-12.9182,9.125,211
-13.2333,8.4,211
-11.0224,8.7055,212
-12.7833,8.7667,212
-13.2333,8.4833,212
-11.75,9.05,212
-11.7383,7.9647,212
-11.5,9.3333,212
-13.2333,8.4,212
-12.4317,8.159,212
-11.1903,7.8769,212
-12.7833,8.7667,213
-11.1903,7.8769,213
-12.4317,8.159,213
-11.5,9.3333,213
-12.9182,9.125,213
-11.0224,8.7055,213
-11.7383,7.9647,213
-11.75,9.05,213
-13.2333,8.4,213
-13.2333,8.4833,213
-11.8,8.7,213
-12.4317,8.159,214
-11.7383,7.9647,214
-12.7833,8.7667,214
-13.2333,8.4,214
-11.75,9.05,214
-11.0224,8.7055,214
-13.2333,8.4833,214
-12.9182,9.125,214
-13.2333,8.4833,215
-11.0224,8.7055,215
-11.5,9.3333,215
-13.2333,8.4,215
-12.4317,8.159,215
-12.7833,8.7667,215
-11.8,8.7,215
-11.5,9.3333,216
-13.2333,8.4,216
-12.7833,8.7667,216
-11.0224,8.7055,216
-11.7383,7.9647,216
-13.2333,8.4833,216
-12.4317,8.159,216
-12.7833,8.7667,217
-13.2333,8.4833,217
-11.75,9.05,217
-11.7383,7.9647,217
-11.0224,8.7055,217
-12.9182,9.125,217
-11.5,9.3333,217
-13.2333,8.4,217
-12.4317,8.159,218
-11.1903,7.8769,218
-13.2333,8.4,218
-11.5,9.3333,218
-12.7833,8.7667,218
-13.2333,8.4833,218
-12.9182,9.125,218
-11.0224,8.7055,218
-11.8,8.7,218
-12.4317,8.159,219
-12.7833,8.7667,219
-13.2333,8.4833,219
-11.0224,8.7055,219
-11.5,9.3333,219
-11.8,8.7,219
-13.2333,8.4,219
-11.75,9.05,219
-12.9182,9.125,219
-11.0224,8.7055,220
-12.7833,8.7667,220
-13.2333,8.4833,220
-11.75,9.05,220
-13.2333,8.4,220
-13.2333,8.4,221
-11.7383,7.9647,221
-12.7833,8.7667,221
-12.9182,9.125,221
-12.4317,8.159,221
-11.0224,8.7055,221
-13.2333,8.4833,221
-11.75,9.05,222
-11.5,9.3333,222
-11.8,8.7,222
-12.7833,8.7667,222
-10.573,8.2789,222
-13.2333,8.4,222
-11.0224,8.7055,222
-12.9182,9.125,222
-13.2333,8.4833,222
-12.4317,8.159,222
-12.9182,9.125,223
-11.0224,8.7055,223
-13.2333,8.4833,223
-10.573,8.2789,223
-12.7833,8.7667,223
-13.2333,8.4,223
-11.5,9.3333,223
-11.7383,7.9647,224
-11.8,8.7,224
-13.2333,8.4833,224
-13.2333,8.4,224
-12.9182,9.125,224
-11.0224,8.7055,224
-11.75,9.05,224
-12.7833,8.7667,224
-12.4317,8.159,224
-11.5,9.3333,225
-13.2333,8.4,225
-12.4317,8.159,225
-11.0224,8.7055,225
-10.573,8.2789,225
-11.7383,7.9647,225
-11.75,9.05,225
-13.2333,8.4833,225
-12.7833,8.7667,225
-12.9182,9.125,225
-13.2333,8.4833,226
-11.7383,7.9647,226
-11.0224,8.7055,226
-12.9182,9.125,226
-12.4317,8.159,226
-12.7833,8.7667,226
-13.2333,8.4,226
-13.2333,8.4,227
-11.7383,7.9647,227
-12.7833,8.7667,227
-13.2333,8.4833,227
-11.0224,8.7055,227
-12.9182,9.125,227
-11.5,9.3333,227
-13.2333,8.4833,228
-11.7383,7.9647,228
-12.9182,9.125,228
-11.0224,8.7055,228
-12.7833,8.7667,228
-13.2333,8.4,228
-11.7383,7.9647,229
-12.4317,8.159,229
-13.2333,8.4833,229
-11.0224,8.7055,229
-13.2333,8.4,229
-11.75,9.05,229
-12.7833,8.7667,229
-11.8,8.7,229
-12.9182,9.125,229
-12.7833,8.7667,230
-13.2333,8.4833,230
-13.2333,8.4,230
-11.0224,8.7055,230
-12.9182,9.125,230
-11.75,9.05,230
-11.7383,7.9647,231
-12.9182,9.125,231
-13.2333,8.4,231
-13.2333,8.4833,231
-12.4317,8.159,231
-12.7833,8.7667,231
-11.0224,8.7055,231
-12.4317,8.159,232
-11.5,9.3333,232
-11.7383,7.9647,232
-12.9182,9.125,232
-13.2333,8.4833,232
-13.2333,8.4,232
-11.0224,8.7055,232
-12.7833,8.7667,232
-12.7833,8.7667,233
-13.2333,8.4833,233
-13.2333,8.4,233
-11.75,9.05,233
-12.9182,9.125,233
-11.0224,8.7055,233
-11.75,9.05,234
-11.7383,7.9647,234
-12.9182,9.125,234
-11.0224,8.7055,234
-13.2333,8.4833,234
-13.2333,8.4,234
-12.7833,8.7667,234
-11.75,9.05,235
-11.0224,8.7055,235
-13.2333,8.4,235
-12.7833,8.7667,235
-12.9182,9.125,235
-13.2333,8.4833,235
-12.7833,8.7667,236
-11.0224,8.7055,236
-11.1903,7.8769,236
-11.8,8.7,236
-11.7383,7.9647,236
-13.2333,8.4,236
-13.2333,8.4833,236
-12.9182,9.125,236
-11.75,9.05,236
-11.75,9.05,237
-11.0224,8.7055,237
-11.7383,7.9647,237
-12.9182,9.125,237
-12.4317,8.159,237
-13.2333,8.4833,237
-13.2333,8.4,237
-12.7833,8.7667,237
-12.9182,9.125,238
-11.0224,8.7055,238
-13.2333,8.4,238
-12.7833,8.7667,238
-13.2333,8.4833,238
-11.1903,7.8769,238
-11.7383,7.9647,238
-11.0224,8.7055,239
-11.75,9.05,239
-12.4317,8.159,239
-11.7383,7.9647,239
-13.2333,8.4,239
-11.8,8.7,239
-12.7833,8.7667,239
-12.9182,9.125,239
-13.2333,8.4833,239
-13.2333,8.4,240
-13.2333,8.4833,240
-11.0224,8.7055,240
-12.7833,8.7667,240
-12.9182,9.125,240
-13.2333,8.4833,241
-12.9182,9.125,241
-12.7833,8.7667,241
-11.0224,8.7055,241
-13.2333,8.4,241
-11.7383,7.9647,241
-12.9182,9.125,242
-11.7181,7.3506,242
-13.2333,8.4833,242
-11.7383,7.9647,242
-12.7833,8.7667,242
-13.2333,8.4,242
-11.0224,8.7055,242
-12.9182,9.125,243
-11.1903,7.8769,243
-11.7383,7.9647,243
-12.7833,8.7667,243
-11.0224,8.7055,243
-13.2333,8.4833,243
-11.75,9.05,243
-13.2333,8.4,243
-12.7833,8.7667,244
-12.9182,9.125,244
-11.5,9.3333,244
-13.2333,8.4,244
-13.2333,8.4833,244
-11.0224,8.7055,244
-13.2333,8.4833,245
-12.505,7.5264,245
-11.7383,7.9647,245
-13.2333,8.4,245
-11.0224,8.7055,245
-12.9182,9.125,245
-11.75,9.05,245
-11.8,8.7,245
-12.7833,8.7667,245
-13.2333,8.4833,246
-12.7833,8.7667,246
-12.4317,8.159,246
-13.2333,8.4,246
-11.1903,7.8769,246
-11.0224,8.7055,246
-12.9182,9.125,246
-12.4317,8.159,247
-11.0224,8.7055,247
-11.7383,7.9647,247
-13.2333,8.4833,247
-11.75,9.05,247
-12.7833,8.7667,247
-13.2333,8.4,248
-11.1903,7.8769,248
-11.0224,8.7055,248
-11.75,9.05,248
-12.7833,8.7667,248
-13.2333,8.4833,248
-12.4317,8.159,248
-12.9182,9.125,249
-11.1903,7.8769,249
-13.2333,8.4,249
-12.7833,8.7667,249
-13.2333,8.4833,249
-11.7383,7.9647,249
-11.0224,8.7055,249
-11.8,8.7,250
-11.7383,7.9647,250
-13.2333,8.4833,250
-11.75,9.05,250
-11.0224,8.7055,250
-12.9182,9.125,250
-13.2333,8.4,250
-12.7833,8.7667,250
-12.9182,9.125,251
-11.0224,8.7055,251
-12.505,7.5264,251
-11.75,9.05,251
-13.2333,8.4833,251
-12.7833,8.7667,251
-13.2333,8.4,251
-12.9182,9.125,252
-12.7833,8.7667,252
-11.0224,8.7055,252
-13.2333,8.4,252
-13.2333,8.4833,252
-12.9182,9.125,253
-11.0224,8.7055,253
-12.7833,8.7667,253
-11.7383,7.9647,253
-13.2333,8.4833,253
-11.75,9.05,253
-13.2333,8.4,253
-12.9182,9.125,254
-12.7833,8.7667,254
-13.2333,8.4,254
-13.2333,8.4833,254
-11.7383,7.9647,254
-11.0224,8.7055,254
-12.9182,9.125,255
-11.0224,8.7055,255
-11.7383,7.9647,255
-13.2333,8.4,255
-12.7833,8.7667,255
-13.2333,8.4833,255
-12.7833,8.7667,256
-12.9182,9.125,256
-12.4317,8.159,256
-13.2333,8.4,256
-13.2333,8.4833,256
-11.1903,7.8769,256
-11.7181,7.3506,257
-11.0224,8.7055,257
-12.9182,9.125,257
-13.2333,8.4,257
-12.7833,8.7667,257
-13.2333,8.4833,257
-12.4317,8.159,257
-13.2333,8.4833,258
-13.2333,8.4,258
-11.0224,8.7055,258
-12.4317,8.159,258
-12.7833,8.7667,258
-12.9182,9.125,259
-11.5,9.3333,259
-13.2333,8.4,259
-12.7833,8.7667,259
-11.0224,8.7055,259
-13.2333,8.4833,259
-12.4317,8.159,259
-11.0224,8.7055,260
-12.7833,8.7667,260
-13.2333,8.4,260
-11.75,9.05,260
-12.9182,9.125,260
-13.2333,8.4833,260
-12.4317,8.159,261
-13.2333,8.4,261
-13.2333,8.4833,261
-11.75,9.05,261
-12.7833,8.7667,261
-12.9182,9.125,261
-11.8,8.7,261
-13.2333,8.4,262
-12.9182,9.125,262
-11.8,8.7,262
-13.2333,8.4833,262
-11.7383,7.9647,262
-10.573,8.2789,262
-11.0224,8.7055,262
-12.7833,8.7667,262
-12.9182,9.125,263
-12.7833,8.7667,263
-11.0224,8.7055,263
-11.8,8.7,263
-13.2333,8.4833,263
-13.2333,8.4,263
-12.7833,8.7667,264
-13.2333,8.4833,264
-13.2333,8.4,264
-11.7383,7.9647,264
-11.0224,8.7055,264
-12.9182,9.125,265
-11.0224,8.7055,265
-11.8,8.7,265
-13.2333,8.4833,265
-12.4317,8.159,265
-13.2333,8.4,265
-12.7833,8.7667,265
-13.2333,8.4,266
-11.7383,7.9647,266
-13.2333,8.4833,266
-11.0224,8.7055,266
-12.7833,8.7667,266
-12.9182,9.125,266
-11.8,8.7,266
-12.9182,9.125,267
-12.7833,8.7667,267
-13.2333,8.4833,267
-13.2333,8.4,267
-10.573,8.2789,267
-11.7383,7.9647,267
-11.8,8.7,268
-13.2333,8.4833,268
-11.7383,7.9647,268
-12.9182,9.125,268
-12.7833,8.7667,268
-13.2333,8.4,269
-12.7833,8.7667,269
-12.9182,9.125,269
-13.2333,8.4833,269
-11.7383,7.9647,269
-12.505,7.5264,269
-11.75,9.05,269
-13.2333,8.4,270
-11.7181,7.3506,270
-11.7383,7.9647,270
-11.0224,8.7055,270
-12.7833,8.7667,270
-12.9182,9.125,270
-11.75,9.05,270
-13.2333,8.4833,270
-12.7833,8.7667,271
-13.2333,8.4,271
-11.1903,7.8769,271
-13.2333,8.4833,271
-12.9182,9.125,271
-12.7833,8.7667,272
-11.75,9.05,272
-12.9182,9.125,272
-13.2333,8.4833,272
-13.2333,8.4,272
-11.0224,8.7055,272
-13.2333,8.4,273
-13.2333,8.4833,273
-12.7833,8.7667,273
-12.9182,9.125,273
-11.75,9.05,273
-12.505,7.5264,274
-11.0224,8.7055,274
-13.2333,8.4833,274
-11.75,9.05,274
-12.9182,9.125,274
-13.2333,8.4,274
-12.7833,8.7667,274
-11.75,9.05,275
-12.7833,8.7667,275
-13.2333,8.4833,275
-13.2333,8.4,275
-12.9182,9.125,275
-13.2333,8.4833,276
-11.0224,8.7055,276
-12.7833,8.7667,276
-11.7383,7.9647,276
-11.5,9.3333,276
-12.9182,9.125,276
-13.2333,8.4,276
-12.4317,8.159,277
-11.7383,7.9647,277
-12.7833,8.7667,277
-12.9182,9.125,277
-11.8,8.7,277
-11.75,9.05,277
-13.2333,8.4833,277
-11.75,9.05,278
-12.7833,8.7667,278
-13.2333,8.4,278
-13.2333,8.4833,278
-12.9182,9.125,278
-12.9182,9.125,279
-12.7833,8.7667,279
-13.2333,8.4833,279
-11.0224,8.7055,279
-13.2333,8.4,279
-11.5,9.3333,280
-11.0224,8.7055,280
-11.7383,7.9647,280
-12.9182,9.125,280
-13.2333,8.4,280
-13.2333,8.4833,280
-12.7833,8.7667,280
-12.7833,8.7667,281
-13.2333,8.4833,281
-13.2333,8.4,281
-11.7383,7.9647,281
-13.2333,8.4833,282
-13.2333,8.4,282
-12.7833,8.7667,282
-11.1903,7.8769,282
-11.0224,8.7055,282
-13.2333,8.4833,283
-11.7383,7.9647,283
-12.7833,8.7667,283
-11.1903,7.8769,283
-11.75,9.05,283
-13.2333,8.4,283
-12.9182,9.125,283
-12.505,7.5264,283
-11.7383,7.9647,284
-12.9182,9.125,284
-13.2333,8.4833,284
-11.75,9.05,284
-13.2333,8.4,284
-11.75,9.05,285
-12.9182,9.125,285
-12.7833,8.7667,285
-13.2333,8.4833,285
-11.1903,7.8769,285
-13.2333,8.4,285
-11.0224,8.7055,285
-11.7383,7.9647,286
-11.1903,7.8769,286
-12.7833,8.7667,286
-13.2333,8.4,286
-13.2333,8.4833,286
-11.0224,8.7055,286
-13.2333,8.4,287
-11.75,9.05,287
-13.2333,8.4833,287
-12.505,7.5264,287
-11.0224,8.7055,288
-12.7833,8.7667,288
-13.2333,8.4,288
-11.75,9.05,288
-13.2333,8.4833,288
-12.9182,9.125,288
-11.7181,7.3506,289
-11.75,9.05,289
-12.7833,8.7667,289
-13.2333,8.4833,289
-11.1903,7.8769,289
-13.2333,8.4,289
-11.7383,7.9647,289
-13.2333,8.4,290
-11.75,9.05,290
-13.2333,8.4833,290
-12.7833,8.7667,291
-13.2333,8.4833,291
-11.7383,7.9647,291
-12.9182,9.125,292
-11.7383,7.9647,292
-13.2333,8.4833,292
-11.5,9.3333,292
-12.7833,8.7667,292
-11.75,9.05,292
-11.75,9.05,293
-13.2333,8.4,293
-12.7833,8.7667,293
-13.2333,8.4833,293
-12.9182,9.125,293
-11.1903,7.8769,293
-12.4317,8.159,294
-13.2333,8.4833,294
-12.7833,8.7667,294
-11.5,9.3333,294
-12.9182,9.125,294
-11.7383,7.9647,295
-10.573,8.2789,295
-13.2333,8.4833,295
-11.0224,8.7055,296
-12.4317,8.159,296
-13.2333,8.4,296
-12.9182,9.125,296
-12.7833,8.7667,296
-13.2333,8.4833,296
-12.7833,8.7667,297
-13.2333,8.4833,297
-11.75,9.05,297
-11.8,8.7,297
-11.75,9.05,298
-12.7833,8.7667,298
-12.9182,9.125,298
-13.2333,8.4833,298
-11.0224,8.7055,298
-13.2333,8.4,299
-12.7833,8.7667,299
-12.9182,9.125,299
-13.2333,8.4833,299
-11.75,9.05,299
-13.2333,8.4833,300
-11.75,9.05,300
-13.2333,8.4,300
-12.9182,9.125,301
-11.0224,8.7055,301
-13.2333,8.4,301
-13.2333,8.4833,301
-12.7833,8.7667,301
-11.7383,7.9647,301
-13.2333,8.4833,302
-12.9182,9.125,302
-12.7833,8.7667,302
-11.7383,7.9647,302
-13.2333,8.4,302
-12.9182,9.125,303
-11.1903,7.8769,303
-12.505,7.5264,303
-11.75,9.05,303
-12.7833,8.7667,303
-13.2333,8.4833,303
-13.2333,8.4,303
-12.7833,8.7667,304
-12.505,7.5264,304
-13.2333,8.4,304
-13.2333,8.4833,304
-12.7833,8.7667,305
-13.2333,8.4,305
-11.7383,7.9647,305
-12.9182,9.125,305
-13.2333,8.4833,305
-12.505,7.5264,305
-13.2333,8.4,306
-12.505,7.5264,306
-10.573,8.2789,306
-13.2333,8.4833,306
-11.75,9.05,306
-12.505,7.5264,307
-12.9182,9.125,307
-13.2333,8.4,307
-13.2333,8.4833,307
-12.505,7.5264,308
-13.2333,8.4833,308
-13.2333,8.4,308
-11.8,8.7,309
-12.7833,8.7667,309
-13.2333,8.4,309
-13.2333,8.4833,309
-12.505,7.5264,309
-11.75,9.05,309
-11.1903,7.8769,309
-12.7833,8.7667,310
-12.505,7.5264,310
-11.7383,7.9647,310
-13.2333,8.4833,310
-13.2333,8.4,310
-12.9182,9.125,310
-12.9182,9.125,311
-11.0224,8.7055,311
-13.2333,8.4,311
-10.573,8.2789,311
-13.2333,8.4833,311
-12.505,7.5264,311
-12.7833,8.7667,311
-11.1903,7.8769,311
-13.2333,8.4,312
-12.7833,8.7667,312
-11.0224,8.7055,312
-11.7383,7.9647,312
-12.505,7.5264,312
-13.2333,8.4833,312
-13.2333,8.4833,313
-10.573,8.2789,313
-11.1903,7.8769,313
-12.505,7.5264,313
-12.9182,9.125,313
-13.2333,8.4833,314
-11.1903,7.8769,314
-12.505,7.5264,314
-13.2333,8.4,314
-12.7833,8.7667,314
-13.2333,8.4,315
-11.0224,8.7055,315
-11.1903,7.8769,315
-12.7833,8.7667,315
-12.9182,9.125,315
-13.2333,8.4833,315
-12.505,7.5264,315
-11.75,9.05,315
-10.573,8.2789,316
-12.7833,8.7667,316
-13.2333,8.4833,316
-12.9182,9.125,316
-11.1903,7.8769,316
-13.2333,8.4833,317
-10.573,8.2789,317
-13.2333,8.4,317
-12.9182,9.125,318
-13.2333,8.4833,318
-11.7383,7.9647,318
-11.7181,7.3506,318
-12.4317,8.159,318
-11.75,9.05,319
-11.8,8.7,319
-13.2333,8.4,319
-13.2333,8.4833,319
-11.0224,8.7055,319
-11.1903,7.8769,320
-11.7383,7.9647,320
-13.2333,8.4,320
-12.7833,8.7667,320
-13.2333,8.4,321
-11.0224,8.7055,321
-12.505,7.5264,321
-12.7833,8.7667,321
-13.2333,8.4833,321
-11.7383,7.9647,322
-13.2333,8.4833,322
-13.2333,8.4,322
-12.9182,9.125,323
-13.2333,8.4833,323
-11.75,9.05,323
-12.9182,9.125,324
-13.2333,8.4833,324
-11.5,9.3333,324
-12.7833,8.7667,324
-11.1903,7.8769,325
-13.2333,8.4833,325
-12.7833,8.7667,325
-12.9182,9.125,326
-12.4317,8.159,326
-12.7833,8.7667,326
-11.1903,7.8769,326
-11.7383,7.9647,326
-13.2333,8.4833,327
-11.7181,7.3506,327
-12.7833,8.7667,327
-12.7833,8.7667,328
-12.4317,8.159,328
-11.1903,7.8769,328
-11.0224,8.7055,328
-11.5,9.3333,328
-13.2333,8.4833,328
-12.9182,9.125,328
-11.7383,7.9647,328
-11.1903,7.8769,329
-11.0224,8.7055,329
-11.8,8.7,329
-12.7833,8.7667,329
-13.2333,8.4833,330
-12.7833,8.7667,330
-13.2333,8.4,331
-12.7833,8.7667,331
-13.2333,8.4833,331
-12.9182,9.125,331
-11.1903,7.8769,331
-12.9182,9.125,332
-13.2333,8.4,332
-12.4317,8.159,332
-11.7383,7.9647,332
-11.1903,7.8769,332
-13.2333,8.4833,332
-12.7833,8.7667,332
-12.7833,8.7667,333
-12.9182,9.125,333
-13.2333,8.4833,333
-12.7833,8.7667,334
-13.2333,8.4833,334
-12.9182,9.125,334
-11.1903,7.8769,334
-12.4317,8.159,334
-10.573,8.2789,334
-12.4317,8.159,335
-13.2333,8.4833,335
-11.7383,7.9647,335
-12.505,7.5264,335
-12.9182,9.125,336
-11.7383,7.9647,336
-13.2333,8.4833,336
-12.7833,8.7667,337
-13.2333,8.4,337
-11.1903,7.8769,337
-13.2333,8.4833,337
-11.7181,7.3506,337
-12.9182,9.125,337
-11.7383,7.9647,337
-12.505,7.5264,337
-11.8,8.7,338
-13.2333,8.4833,338
-11.1903,7.8769,338
-11.7181,7.3506,338
-12.4317,8.159,338
-13.2333,8.4833,339
-11.1903,7.8769,339
-12.505,7.5264,339
-12.9182,9.125,340
-11.7383,7.9647,340
-13.2333,8.4833,340
-11.8,8.7,340
-12.4317,8.159,341
-13.2333,8.4833,341
-13.2333,8.4,341
-11.7383,7.9647,341
-12.7833,8.7667,342
-11.0224,8.7055,342
-12.4317,8.159,342
-12.505,7.5264,342
-13.2333,8.4,342
-13.2333,8.4833,343
-12.4317,8.159,343
-13.2333,8.4,343
-13.2333,8.4833,344
-11.7181,7.3506,344
-13.2333,8.4,344
-12.9182,9.125,344
-12.4317,8.159,344
-12.7833,8.7667,344
-13.2333,8.4,345
-13.2333,8.4833,345
-11.75,9.05,345
-12.7833,8.7667,345
-12.7833,8.7667,346
-12.4317,8.159,346
-13.2333,8.4833,346
-12.9182,9.125,346
-12.9182,9.125,347
-13.2333,8.4,347
-13.2333,8.4833,347
-13.2333,8.4833,348
-12.4317,8.159,348
-12.505,7.5264,348
-13.2333,8.4,348
-12.9182,9.125,348
-11.75,9.05,349
-12.7833,8.7667,349
-13.2333,8.4833,349
-11.0224,8.7055,349
-12.4317,8.159,349
-12.4317,8.159,350
-11.7383,7.9647,350
-13.2333,8.4833,350
-12.9182,9.125,350
-11.75,9.05,350
-11.1903,7.8769,351
-12.4317,8.159,351
-13.2333,8.4833,351
-13.2333,8.4,351
-11.0224,8.7055,352
-11.7383,7.9647,352
-11.7181,7.3506,352
-13.2333,8.4833,352
-12.4317,8.159,353
-11.0224,8.7055,353
-13.2333,8.4833,353
-12.9182,9.125,353
-12.7833,8.7667,353
-12.7833,8.7667,354
-11.1903,7.8769,354
-11.75,9.05,354
-13.2333,8.4833,354
-12.4317,8.159,354
-12.505,7.5264,354
-13.2333,8.4833,355
-11.0224,8.7055,355
-12.9182,9.125,355
-11.8,8.7,355
-12.9182,9.125,356
-12.4317,8.159,356
-13.2333,8.4833,356
-12.7833,8.7667,356
-11.75,9.05,357
-13.2333,8.4833,357
-12.7833,8.7667,357
-12.7833,8.7667,358
-13.2333,8.4833,358
-12.4317,8.159,358
-11.0224,8.7055,358
-11.7181,7.3506,358
-11.8,8.7,358
-11.8,8.7,359
-11.7181,7.3506,359
-11.0224,8.7055,359
-13.2333,8.4833,359
-12.7833,8.7667,359
-13.2333,8.4,359
-11.7181,7.3506,360
-11.0224,8.7055,360
-13.2333,8.4833,360
-13.2333,8.4,360
-11.75,9.05,360
-12.7833,8.7667,360
-13.2333,8.4833,361
-12.4317,8.159,361
-11.0224,8.7055,361
-11.7181,7.3506,361
-11.1903,7.8769,361
-12.7833,8.7667,361
-11.8,8.7,362
-11.75,9.05,362
-12.7833,8.7667,362
-11.7383,7.9647,362
-11.7181,7.3506,362
-13.2333,8.4,362
-12.4317,8.159,363
-11.7181,7.3506,363
-13.2333,8.4833,363
-13.2333,8.4,363
-12.7833,8.7667,364
-11.75,9.05,364
-11.8,8.7,364
-13.2333,8.4833,364
-12.505,7.5264,364
-12.4317,8.159,364
-11.7383,7.9647,365
-13.2333,8.4833,365
-11.8,8.7,365
-11.75,9.05,365
-11.75,9.05,366
-13.2333,8.4833,366
-11.8,8.7,366
-11.1903,7.8769,366
-12.4317,8.159,366
-10.573,8.2789,366
-13.2333,8.4833,367
-11.8,8.7,367
-12.7833,8.7667,367
-13.2333,8.4833,368
-12.7833,8.7667,368
-11.1903,7.8769,368
-13.2333,8.4833,369
-11.1903,7.8769,369
-12.4317,8.159,369
-12.505,7.5264,369
-12.7833,8.7667,369
-13.2333,8.4,369
-12.7833,8.7667,370
-11.7181,7.3506,370
-12.4317,8.159,370
-11.7383,7.9647,370
-13.2333,8.4833,370
-13.2333,8.4,370
-12.9182,9.125,370
-12.7833,8.7667,371
-13.2333,8.4833,371
-11.7181,7.3506,371
-12.7833,8.7667,372
-12.9182,9.125,372
-11.7181,7.3506,372
-12.4317,8.159,372
-13.2333,8.4833,372
-13.2333,8.4,372
-11.0224,8.7055,373
-13.2333,8.4833,373
-12.505,7.5264,373
-12.9182,9.125,373
-12.7833,8.7667,374
-12.4317,8.159,374
-11.7383,7.9647,374
-13.2333,8.4833,374
-13.2333,8.4833,375
-12.7833,8.7667,375
-13.2333,8.4,376
-13.2333,8.4833,376
-11.7383,7.9647,376
-12.9182,9.125,376
-12.7833,8.7667,376
-12.7833,8.7667,377
-11.7383,7.9647,377
-13.2333,8.4833,377
-12.9182,9.125,377
-11.8,8.7,377
-11.8,8.7,378
-11.75,9.05,378
-13.2333,8.4,378
-11.1903,7.8769,378
-12.9182,9.125,378
-12.7833,8.7667,378
-13.2333,8.4833,378
-10.573,8.2789,379
-12.9182,9.125,379
-11.7383,7.9647,379
-11.1903,7.8769,379
-12.4317,8.159,379
-12.7833,8.7667,379
-12.7833,8.7667,380
-11.0224,8.7055,380
-13.2333,8.4,380
-11.7383,7.9647,380
-12.9182,9.125,380
-11.1903,7.8769,380
-12.4317,8.159,380
-12.7833,8.7667,381
-12.9182,9.125,381
-11.7383,7.9647,381
-12.4317,8.159,381
-12.505,7.5264,381
-12.9182,9.125,382
-12.7833,8.7667,382
-12.7833,8.7667,383
-12.4317,8.159,383
-12.505,7.5264,383
-12.9182,9.125,383
-12.9182,9.125,384
-12.4317,8.159,385
-11.7383,7.9647,385
-12.7833,8.7667,385
-12.9182,9.125,385
-12.7833,8.7667,386
-13.2333,8.4833,386
-12.4317,8.159,386
-12.9182,9.125,386
-13.2333,8.4833,387
-13.2333,8.4833,388
-13.2333,8.4,388
-12.4317,8.159,388
-12.9182,9.125,389
-13.2333,8.4833,389
-12.7833,8.7667,390
-12.4317,8.159,390
-12.9182,9.125,390
-12.7833,8.7667,391
-13.2333,8.4833,391
-13.2333,8.4,391
-13.2333,8.4833,392
-13.2333,8.4,392
-12.7833,8.7667,393
-13.2333,8.4833,393
-11.7181,7.3506,394
-12.4317,8.159,394
-12.4317,8.159,395
-11.7383,7.9647,395
-13.2333,8.4833,395
-12.9182,9.125,396
-13.2333,8.4833,396
-12.7833,8.7667,397
-11.7383,7.9647,397
-12.505,7.5264,398
-11.1903,7.8769,398
-13.2333,8.4833,398
-12.9182,9.125,399
-11.1903,7.8769,399
-12.4317,8.159,399
-11.7383,7.9647,399
-13.2333,8.4833,399
-11.0224,8.7055,399
-11.8,8.7,399
-11.7383,7.9647,400
-13.2333,8.4833,400
-11.1903,7.8769,400
-12.7833,8.7667,401
-12.9182,9.125,402
-11.7383,7.9647,402
-12.505,7.5264,402
-11.1903,7.8769,402
-12.7833,8.7667,403
-12.4317,8.159,403
-11.7181,7.3506,403
-11.0224,8.7055,403
-13.2333,8.4833,403
-12.9182,9.125,403
-12.4317,8.159,404
-11.7383,7.9647,404
-13.2333,8.4833,405
-11.1903,7.8769,405
-12.4317,8.159,406
-11.7181,7.3506,406
-11.0224,8.7055,406
-13.2333,8.4,406
-11.0224,8.7055,407
-11.7181,7.3506,407
-12.505,7.5264,407
-13.2333,8.4833,407
-12.9182,9.125,407
-11.1903,7.8769,407
-13.2333,8.4833,408
-12.4317,8.159,408
-12.9182,9.125,408
-12.7833,8.7667,408
-12.4317,8.159,409
-12.7833,8.7667,409
-12.9182,9.125,409
-11.1903,7.8769,409
-12.4317,8.159,410
-11.1903,7.8769,410
-13.2333,8.4833,410
-11.7383,7.9647,410
-12.4317,8.159,411
-13.2333,8.4833,411
-12.9182,9.125,411
-11.0224,8.7055,411
-12.9182,9.125,412
-12.4317,8.159,412
-11.1903,7.8769,412
-13.2333,8.4833,412
-10.573,8.2789,412
-13.2333,8.4833,413
-12.4317,8.159,413
-11.7383,7.9647,413
-13.2333,8.4833,414
-12.505,7.5264,414
-12.4317,8.159,414
-11.1903,7.8769,414
-13.2333,8.4833,415
-12.7833,8.7667,415
-12.4317,8.159,415
-12.505,7.5264,415
-13.2333,8.4,415
-11.1903,7.8769,416
-11.0224,8.7055,416
-13.2333,8.4,417
-12.4317,8.159,417
-11.7383,7.9647,417
-11.1903,7.8769,417
-13.2333,8.4833,417
-11.1903,7.8769,418
-12.4317,8.159,418
-13.2333,8.4,418
-12.7833,8.7667,419
-11.7383,7.9647,419
-11.7181,7.3506,419
-11.75,9.05,420
-12.7833,8.7667,420
-11.0224,8.7055,420
-13.2333,8.4833,420
-11.1903,7.8769,420
-11.7383,7.9647,421
-11.7181,7.3506,421
-13.2333,8.4833,422
-12.505,7.5264,422
-11.7181,7.3506,422
-11.0224,8.7055,422
-13.2333,8.4833,423
-11.7383,7.9647,423
-12.4317,8.159,423
-11.1903,7.8769,424
-12.4317,8.159,424
-11.7181,7.3506,424
-13.2333,8.4833,424
-12.9182,9.125,425
-11.0224,8.7055,425
-11.7383,7.9647,425
-11.1903,7.8769,425
-11.7181,7.3506,425
-11.8,8.7,425
-13.2333,8.4833,425
-12.4317,8.159,425
-11.0224,8.7055,426
-12.4317,8.159,426
-11.7383,7.9647,426
-11.1903,7.8769,426
-11.75,9.05,426
-11.1903,7.8769,427
-11.7383,7.9647,427
-12.4317,8.159,427
-11.7181,7.3506,427
-11.7383,7.9647,428
-12.4317,8.159,428
-11.7181,7.3506,428
-11.1903,7.8769,428
-10.573,8.2789,428
-11.0224,8.7055,428
-13.2333,8.4833,429
-11.7383,7.9647,429
-11.1903,7.8769,429
-11.7181,7.3506,429
-12.4317,8.159,429
-12.4317,8.159,430
-11.1903,7.8769,430
-10.573,8.2789,430
-11.7383,7.9647,430
-11.7181,7.3506,430
-13.2333,8.4833,430
-12.7833,8.7667,430
-12.4317,8.159,431
-11.1903,7.8769,431
-11.7383,7.9647,431
-11.7181,7.3506,431
-12.4317,8.159,432
-11.7181,7.3506,432
-11.7383,7.9647,432
-11.1903,7.8769,432
-11.0224,8.7055,432
-11.7383,7.9647,433
-12.4317,8.159,433
-11.7181,7.3506,433
-11.1903,7.8769,433
-11.0224,8.7055,433
-12.7833,8.7667,433
-11.7383,7.9647,434
-11.7181,7.3506,434
-11.0224,8.7055,434
-11.1903,7.8769,434
-12.4317,8.159,434
-11.75,9.05,434
-11.0224,8.7055,435
-13.2333,8.4833,435
-11.7181,7.3506,435
-10.573,8.2789,435
-11.1903,7.8769,435
-12.4317,8.159,435
-11.7383,7.9647,435
-11.8,8.7,436
-11.0224,8.7055,436
-11.7383,7.9647,436
-11.1903,7.8769,436
-12.7833,8.7667,436
-13.2333,8.4833,437
-11.7383,7.9647,437
-11.0224,8.7055,437
-12.505,7.5264,438
-11.1903,7.8769,438
-13.2333,8.4833,438
-12.4317,8.159,439
-11.7383,7.9647,439
-10.573,8.2789,439
-13.2333,8.4833,439
-13.2333,8.4,440
-12.505,7.5264,440
-11.7383,7.9647,440
-13.2333,8.4833,440
-12.4317,8.159,441
-11.7181,7.3506,441
-11.7383,7.9647,441
-13.2333,8.4833,441
-11.7383,7.9647,442
-12.4317,8.159,442
-13.2333,8.4833,442
-11.7181,7.3506,442
-11.75,9.05,443
-11.5,9.3333,443
-11.7383,7.9647,443
-13.2333,8.4833,443
-11.1903,7.8769,444
-13.2333,8.4833,444
-13.2333,8.4,444
-13.2333,8.4,445
-13.2333,8.4833,445
-11.7383,7.9647,446
-11.7181,7.3506,446
-12.505,7.5264,446
-12.505,7.5264,447
-11.75,9.05,447
-11.7181,7.3506,447
-12.4317,8.159,448
-11.7181,7.3506,448
-13.2333,8.4833,448
-13.2333,8.4833,449
-11.75,9.05,449
-12.4317,8.159,449
-11.7383,7.9647,450
-11.1903,7.8769,450
-12.4317,8.159,451
-13.2333,8.4833,451
-11.7181,7.3506,451
-11.7181,7.3506,452
-13.2333,8.4,452
-13.2333,8.4833,452
-11.7383,7.9647,452
-11.7181,7.3506,453
-13.2333,8.4833,453
-13.2333,8.4,453
-13.2333,8.4833,454
-11.7383,7.9647,455
-11.7383,7.9647,456
-11.1903,7.8769,456
-12.4317,8.159,456
-11.1903,7.8769,457
-13.2333,8.4833,457
-10.573,8.2789,457
-13.2333,8.4833,458
-11.7383,7.9647,458
-13.2333,8.4,458
-11.1903,7.8769,458
-11.7383,7.9647,459
-12.4317,8.159,459
-11.7181,7.3506,459
-13.2333,8.4833,459
-11.1903,7.8769,459
-11.75,9.05,459
-12.7833,8.7667,460
-13.2333,8.4833,460
-11.0224,8.7055,460
-11.7383,7.9647,460
-11.1903,7.8769,460
-10.573,8.2789,460
-13.2333,8.4833,461
-11.1903,7.8769,461
-12.4317,8.159,461
-10.573,8.2789,461
-11.7383,7.9647,461
-11.75,9.05,461
-11.0224,8.7055,461
-12.9182,9.125,462
-13.2333,8.4,462
-10.573,8.2789,462
-11.75,9.05,462
-13.2333,8.4833,462
-13.2333,8.4833,463
-11.75,9.05,463
-12.7833,8.7667,464
-13.2333,8.4833,464
-11.1903,7.8769,464
-11.75,9.05,464
-11.7181,7.3506,465
-11.8,8.7,465
-11.0224,8.7055,465
-13.2333,8.4,465
-13.2333,8.4833,465
-11.7383,7.9647,465
-12.7833,8.7667,465
-11.75,9.05,465
-13.2333,8.4833,466
-11.5,9.3333,466
-11.0224,8.7055,466
-12.7833,8.7667,466
-11.75,9.05,466
-11.7181,7.3506,466
-11.1903,7.8769,466
-11.7181,7.3506,467
-11.0224,8.7055,467
-11.5,9.3333,467
-12.7833,8.7667,467
-12.7833,8.7667,468
-11.7383,7.9647,468
-11.0224,8.7055,468
-13.2333,8.4833,469
-12.7833,8.7667,469
-12.9182,9.125,470
-11.1903,7.8769,470
-12.7833,8.7667,470
-13.2333,8.4833,470
-12.4317,8.159,470
-11.7181,7.3506,471
-12.7833,8.7667,471
-13.2333,8.4833,471
-12.9182,9.125,471
-12.9182,9.125,472
-11.1903,7.8769,472
-13.2333,8.4,472
-13.2333,8.4833,472
-12.4317,8.159,472
-12.4317,8.159,473
-13.2333,8.4833,473
-12.9182,9.125,473
-11.75,9.05,473
-13.2333,8.4833,474
-11.7383,7.9647,474
-13.2333,8.4,474
-11.75,9.05,474
-12.4317,8.159,474
-13.2333,8.4833,475
-13.2333,8.4,475
-12.4317,8.159,475
-12.7833,8.7667,475
-13.2333,8.4833,476
-11.75,9.05,476
-12.4317,8.159,476
-11.1903,7.8769,477
-11.7383,7.9647,477
-13.2333,8.4,477
-13.2333,8.4,478
-11.7383,7.9647,478
-13.2333,8.4,479
